[
  {
    "value": "VR",
    "synonyms": [
      "VR"
    ]
  },
  {
    "value": "Advertising",
    "synonyms": [
      "Advertising"
    ]
  },
  {
    "value": "angular",
    "synonyms": [
      "angular",
      "Angular JS"
    ]
  },
  {
    "value": "GCP",
    "synonyms": [
      "GCP",
      "Google Cloud",
      "Google Cloud Platform"
    ]
  },
  {
    "value": "Java",
    "synonyms": [
      "Java"
    ]
  },
  {
    "value": "firebase",
    "synonyms": [
      "firebase"
    ]
  },
  {
    "value": "Blockchain",
    "synonyms": [
      "Blockchain"
    ]
  },
  {
    "value": "Data analytics",
    "synonyms": [
      "Data analytics",
      "data analyst"
    ]
  },
  {
    "value": "python",
    "synonyms": [
      "python"
    ]
  },
  {
    "value": "public speaking",
    "synonyms": [
      "public speaking"
    ]
  },
  {
    "value": "Actions on Google",
    "synonyms": [
      "Actions on Google",
      "AoG",
      "Google Actions",
      "Google Assistant",
      "NLP",
      "Conversational apps",
      "conversation design"
    ]
  },
  {
    "value": "Business intelligence",
    "synonyms": [
      "Business intelligence"
    ]
  },
  {
    "value": "PHP",
    "synonyms": [
      "PHP"
    ]
  },
  {
    "value": "Play Store Optimization",
    "synonyms": [
      "Play Store Optimization"
    ]
  },
  {
    "value": "SQL",
    "synonyms": [
      "SQL"
    ]
  },
  {
    "value": "C++",
    "synonyms": [
      "C++"
    ]
  },
  {
    "value": "app script",
    "synonyms": [
      "app script"
    ]
  },
  {
    "value": "Android",
    "synonyms": [
      "Android"
    ]
  },
  {
    "value": "Javascript",
    "synonyms": [
      "Javascript"
    ]
  },
  {
    "value": "Agile",
    "synonyms": [
      "Agile",
      "scrum"
    ]
  },
  {
    "value": "Kotlin",
    "synonyms": [
      "Kotlin"
    ]
  },
  {
    "value": "data privacy",
    "synonyms": [
      "data privacy"
    ]
  },
  {
    "value": "CSS",
    "synonyms": [
      "CSS",
      "CSS 3"
    ]
  },
  {
    "value": "React",
    "synonyms": [
      "React"
    ]
  },
  {
    "value": "AI",
    "synonyms": [
      "AI",
      "machine learning",
      "TensorFlow",
      "artificial intelligence"
    ]
  },
  {
    "value": "AR",
    "synonyms": [
      "AR",
      "augmented reality"
    ]
  },
  {
    "value": "Backend",
    "synonyms": [
      "Backend"
    ]
  },
  {
    "value": "developer relations",
    "synonyms": [
      "developer relations",
      "developer advocate"
    ]
  },
  {
    "value": "Product manager",
    "synonyms": [
      "Product manager",
      "product managment"
    ]
  },
  {
    "value": "security",
    "synonyms": [
      "security"
    ]
  },
  {
    "value": "XML",
    "synonyms": [
      "XML"
    ]
  },
  {
    "value": "design",
    "synonyms": [
      "design",
      "graphic design"
    ]
  },
  {
    "value": "objective C",
    "synonyms": [
      "objective C"
    ]
  },
  {
    "value": "Usability",
    "synonyms": [
      "Usability"
    ]
  },
  {
    "value": "UX",
    "synonyms": [
      "UX"
    ]
  },
  {
    "value": "Community Management",
    "synonyms": [
      "Community Management"
    ]
  },
  {
    "value": "Community managment",
    "synonyms": [
      "Community managment"
    ]
  },
  {
    "value": "data mining",
    "synonyms": [
      "data mining"
    ]
  },
  {
    "value": "UI",
    "synonyms": [
      "UI"
    ]
  },
  {
    "value": "Marketing",
    "synonyms": [
      "Marketing"
    ]
  },
  {
    "value": "Systems planning",
    "synonyms": [
      "Systems planning"
    ]
  },
  {
    "value": "design thinking",
    "synonyms": [
      "design thinking"
    ]
  },
  {
    "value": "event managment",
    "synonyms": [
      "event managment"
    ]
  },
  {
    "value": "game design",
    "synonyms": [
      "game design"
    ]
  },
  {
    "value": "HTML5",
    "synonyms": [
      "HTML5",
      "HTML"
    ]
  },
  {
    "value": "network security",
    "synonyms": [
      "network security"
    ]
  },
  {
    "value": "online marketing",
    "synonyms": [
      "online marketing"
    ]
  },
  {
    "value": "Social media",
    "synonyms": [
      "Social media"
    ]
  }
]