[
  {
    "id": "e49bb5cb-cec8-495e-9f26-89ebe12c1801",
    "data": [
      {
        "text": "farewell",
        "userDefined": false
      }
    ],
    "isTemplate": false,
    "count": 0,
    "updated": 1547335013
  },
  {
    "id": "eb11cf30-2829-4353-9ccb-6351c5f07b23",
    "data": [
      {
        "text": "bye",
        "userDefined": false
      }
    ],
    "isTemplate": false,
    "count": 0,
    "updated": 1547335013
  },
  {
    "id": "bc526792-5102-4e77-8c73-c40d9b303488",
    "data": [
      {
        "text": "No that is it for today.",
        "userDefined": false
      }
    ],
    "isTemplate": false,
    "count": 0,
    "updated": 1547320332
  },
  {
    "id": "163ea43d-a07e-4e56-958c-428bd8aa063b",
    "data": [
      {
        "text": "Good bye",
        "userDefined": false
      }
    ],
    "isTemplate": false,
    "count": 0,
    "updated": 1547320332
  }
]