[
  {
    "id": "30299d57-4888-461a-a72e-0a5e8af04cfc",
    "data": [
      {
        "text": "Martin",
        "alias": "given-name",
        "meta": "@sys.given-name",
        "userDefined": false
      }
    ],
    "isTemplate": false,
    "count": 1,
    "updated": 0
  },
  {
    "id": "00d81a93-715e-4d81-86fd-a33132caff41",
    "data": [
      {
        "text": "Emem Brownson",
        "alias": "given-name",
        "meta": "@sys.given-name",
        "userDefined": true
      }
    ],
    "isTemplate": false,
    "count": 0,
    "updated": 1547988854
  },
  {
    "id": "97e8cfca-0732-4c9a-b69c-83a22435ce40",
    "data": [
      {
        "text": "Daisy",
        "alias": "given-name",
        "meta": "@sys.given-name",
        "userDefined": true
      }
    ],
    "isTemplate": false,
    "count": 0,
    "updated": 1547988854
  },
  {
    "id": "e088557a-95c7-4f29-aee7-4828fa98d433",
    "data": [
      {
        "text": "Tanya",
        "alias": "given-name",
        "meta": "@sys.given-name",
        "userDefined": true
      }
    ],
    "isTemplate": false,
    "count": 0,
    "updated": 1547988854
  },
  {
    "id": "bc41d2a0-ab61-4315-abb6-0b477212ea6d",
    "data": [
      {
        "text": "Emem",
        "alias": "given-name",
        "meta": "@sys.given-name",
        "userDefined": true
      }
    ],
    "isTemplate": false,
    "count": 0,
    "updated": 1547988854
  }
]