[
  {
    "id": "03ed5207-cd3f-4baf-9ee9-da7bd2ceb074",
    "data": [
      {
        "text": "transfer",
        "userDefined": false
      }
    ],
    "isTemplate": false,
    "count": 0,
    "updated": 1548581826
  },
  {
    "id": "8656ccf3-126d-466e-a742-c79f20d97573",
    "data": [
      {
        "text": "transfer please",
        "userDefined": false
      }
    ],
    "isTemplate": false,
    "count": 0,
    "updated": 1548581826
  },
  {
    "id": "5aa7a107-a4c0-4c3d-96a9-b3f36f7c81d2",
    "data": [
      {
        "text": "real human",
        "userDefined": false
      }
    ],
    "isTemplate": false,
    "count": 0,
    "updated": 1548352038
  },
  {
    "id": "6e739b71-b270-4441-858c-80f43cb6ade9",
    "data": [
      {
        "text": "Yes, talk to a real human.",
        "userDefined": false
      }
    ],
    "isTemplate": false,
    "count": 0,
    "updated": 1547808323
  }
]